elapsed_time,nproc,cpu,mem_real,mem_virtual
4.124641418457031e-05,1,0.0,9.2109375,27671.20703125
1.005824327468872,1,53.7,97.87890625,847.78125
2.0123283863067627,1,100.3,339.8671875,1971.78125
3.020148992538452,1,99.2,941.8671875,3251.78125
4.027497291564941,1,99.3,829.86328125,3251.78125
5.034371614456177,1,101.3,1085.86328125,3251.78125
6.041426181793213,1,99.3,1295.859375,5817.78125
7.048900127410889,1,100.3,1379.93359375,5305.75
8.055747985839844,1,99.3,1379.93359375,5305.75
9.062831401824951,1,100.3,1379.93359375,5305.75
10.071452617645264,1,100.1,1379.93359375,5305.75
11.079588174819946,1,99.2,1378.2734375,5305.75
12.08935809135437,1,875.5,415.27734375,33767.73046875
13.100656509399414,1,1567.0,753.63671875,34375.76171875
14.111984252929688,1,3362.5,789.7890625,34383.76171875
15.123132944107056,1,264.0,803.9296875,35407.82421875
16.133187770843506,1,100.0,803.93359375,35407.82421875
17.142356872558594,1,1009.7,2732.3671875,34955.79296875
18.204379081726074,1,4746.2,3263.23828125,34955.79296875
19.23037075996399,1,2345.2,9733.3984375,45729.79296875
20.250203132629395,1,4161.1,10613.67578125,45729.79296875
21.268211841583252,1,4087.0,8725.12890625,46367.79296875
22.27909779548645,1,3048.6,15704.61328125,60843.79296875
23.286504983901978,1,1632.9,19729.16015625,60843.79296875
24.2935049533844,1,105.3,23466.26953125,81323.79296875
25.300288438796997,1,102.3,30052.97265625,81323.79296875
26.30795931816101,1,104.2,34702.49609375,81323.79296875
27.316381216049194,1,102.1,34477.7734375,81323.79296875
28.3232204914093,1,105.3,34161.04296875,81323.79296875
29.33017611503601,1,103.3,33876.11328125,81323.79296875
30.33812141418457,1,874.2,33555.08203125,81323.79296875
31.3449387550354,1,1743.1,34693.48828125,81323.79296875
32.35384488105774,1,1444.0,35451.65234375,81323.79296875
33.360485553741455,1,2623.6,34652.41796875,81323.79296875
34.36945343017578,1,539.2,37825.39453125,105899.79296875
35.37676978111267,1,2945.8,37718.328125,105899.79296875
36.38435506820679,1,2327.3,35328.6484375,105899.79296875
37.399248123168945,1,775.3,38018.5234375,105899.79296875
38.40636420249939,1,440.9,43780.72265625,105899.79296875
39.427356481552124,1,4773.7,44265.83984375,105899.79296875
40.44007587432861,1,983.4,41533.26953125,105983.79296875
41.44723296165466,1,2683.8,41764.53515625,105983.79296875
42.45389533042908,1,2250.9,36404.5,105983.79296875
43.462361097335815,1,3075.3,18582.38671875,105983.79296875
44.482351779937744,1,4776.9,18255.20703125,105983.79296875
45.501325607299805,1,4777.3,17967.59375,105983.79296875
46.52235293388367,1,3158.6,19945.61328125,105983.79296875
47.53128004074097,1,2663.7,19298.34765625,105983.79296875
48.538212299346924,1,2905.1,10320.2265625,106023.79296875
49.5594539642334,1,3159.1,11696.5234375,106023.79296875
50.577353715896606,1,2435.5,10268.84765625,106023.79296875
51.59156608581543,1,2343.3,9912.46875,106023.79296875
52.59969162940979,1,2007.7,3543.6796875,106023.79296875
53.60835361480713,1,4261.5,3572.38671875,106023.79296875
54.64961004257202,1,2731.1,10245.2265625,106043.79296875
55.65735459327698,1,3786.1,11113.93359375,106043.79296875
56.672361850738525,1,4150.7,10073.74609375,106043.79296875
57.68016242980957,1,3788.7,14095.42578125,106283.79296875
58.687376737594604,1,1091.1,20977.4296875,106283.79296875
59.701265811920166,1,649.0,24210.76171875,106283.79296875
60.70921087265015,1,103.2,30678.984375,106283.79296875
61.71718788146973,1,104.2,35136.30859375,106283.79296875
62.72391676902771,1,106.3,34843.2265625,106283.79296875
63.73042273521423,1,104.3,34545.53125,106283.79296875
64.73707032203674,1,106.3,34141.375,106283.79296875
65.74393081665039,1,886.0,33774.2109375,106283.79296875
66.75136542320251,1,1736.2,34854.45703125,106283.79296875
67.77755618095398,1,1445.1,35934.11328125,106283.79296875
68.78865480422974,1,2519.8,34652.47265625,106283.79296875
69.79623246192932,1,535.9,37805.55859375,106283.79296875
70.80479645729065,1,2987.6,41766.55859375,106283.79296875
71.81225728988647,1,2417.0,35560.62890625,106283.79296875
72.81965947151184,1,875.5,37823.19921875,106283.79296875
73.8265335559845,1,368.5,43138.01953125,106283.79296875
74.84135937690735,1,4761.7,44292.359375,106283.79296875
75.86150336265564,1,1113.5,41804.76953125,106327.79296875
76.86847877502441,1,2688.2,42031.203125,106327.79296875
77.87541913986206,1,2200.7,36769.2734375,106327.79296875
78.88335967063904,1,3287.2,18687.66015625,106327.79296875
79.90335249900818,1,4778.7,18340.78515625,106327.79296875
80.92335200309753,1,4774.5,18016.7421875,106327.79296875
81.94269323348999,1,3182.4,20209.75390625,106327.79296875
82.95170187950134,1,2518.1,19739.1171875,106327.79296875
83.9623589515686,1,2931.9,10645.1875,106327.79296875
84.98135924339294,1,3176.7,11971.515625,106327.79296875
86.00132656097412,1,2491.3,10471.953125,106327.79296875
87.01929807662964,1,2175.6,10072.6328125,106327.79296875
88.02586007118225,1,1753.5,3708.82421875,106327.79296875
89.03335475921631,1,4283.1,3733.00390625,106327.79296875
90.07629370689392,1,2665.4,10415.37109375,106327.79296875
91.08335494995117,1,3884.1,11238.0234375,106327.79296875
92.10142946243286,1,4094.0,8541.5546875,106327.79296875
93.12102150917053,1,3601.9,14569.3984375,106571.79296875
94.12841510772705,1,1335.8,20985.51171875,106571.79296875
95.16038608551025,1,394.5,24550.6484375,106571.79296875
96.16745448112488,1,100.3,31126.97265625,106571.79296875
97.17529392242432,1,104.2,35122.19140625,106571.79296875
98.18198108673096,1,106.3,34813.1328125,106571.79296875
99.18872499465942,1,106.3,34537.4296875,106571.79296875
100.19600915908813,1,104.2,34237.82421875,106571.79296875
101.20360827445984,1,932.9,33971.2265625,106571.79296875
102.21135902404785,1,1946.1,34853.23046875,106571.79296875
103.23026037216187,1,1421.1,36081.96875,106571.79296875
104.25031089782715,1,2508.8,34195.79296875,106571.79296875
105.2654058933258,1,447.2,37955.94921875,106571.79296875
106.27762150764465,1,3083.4,41641.7734375,106571.79296875
107.28501510620117,1,2264.2,36541.57421875,106571.79296875
108.2918267250061,1,903.9,37705.69140625,106571.79296875
109.29897499084473,1,104.3,42508.42578125,106571.79296875
110.30637168884277,1,4607.1,44417.65625,106571.79296875
111.32558536529541,1,1700.4,49562.96484375,106571.79296875
112.3367338180542,1,2943.9,41064.25390625,106571.79296875
113.34423875808716,1,1693.4,36551.625,106571.79296875
114.35335946083069,1,2945.1,18822.5703125,106571.79296875
115.37535500526428,1,4760.5,18478.14453125,106571.79296875
116.39624619483948,1,4780.1,18145.828125,106571.79296875
117.41799640655518,1,3160.3,20442.69921875,106571.79296875
118.42458844184875,1,2741.8,19478.66796875,106571.79296875
119.4333667755127,1,2690.3,10374.35546875,106571.79296875
120.45262384414673,1,3174.6,11827.74609375,106571.79296875
121.46135449409485,1,2452.9,10418.91015625,106571.79296875
122.475515127182,1,2415.8,9949.25390625,106571.79296875
123.48301863670349,1,2124.7,3078.5859375,106571.79296875
124.49035668373108,1,3624.9,3663.50390625,106571.79296875
125.53248739242554,1,2955.2,10019.7578125,106571.79296875
126.53849053382874,1,3719.7,10849.06640625,106571.79296875
127.54626083374023,1,4122.8,10729.15625,106571.79296875
128.555095911026,1,4140.2,13205.70703125,106667.79296875
129.56323885917664,1,545.6,20968.71875,106667.79296875
130.57689666748047,1,1194.8,22970.6171875,106667.79296875
131.58437514305115,1,103.2,29448.71484375,106667.79296875
132.59099340438843,1,103.3,34947.796875,106667.79296875
133.59809398651123,1,104.3,34743.42578125,106667.79296875
134.6048710346222,1,104.3,34468.33984375,106667.79296875
135.61140751838684,1,104.3,34180.2265625,106667.79296875
136.61757683753967,1,584.3,33932.69921875,106667.79296875
137.6264123916626,1,1732.7,34125.4921875,106667.79296875
138.6341416835785,1,1637.2,34885.7578125,106667.79296875
139.64098238945007,1,2284.5,35550.90234375,106667.79296875
140.6486439704895,1,897.1,36827.03515625,106667.79296875
141.65556502342224,1,2962.5,40853.328125,106667.79296875
142.66336512565613,1,2043.1,35960.671875,106667.79296875
143.67989802360535,1,1024.0,37029.99609375,106667.79296875
144.68769335746765,1,102.2,41953.15625,106667.79296875
145.69636273384094,1,4243.3,44362.984375,106667.79296875
146.71583700180054,1,1682.2,49536.1796875,106667.79296875
147.72261095046997,1,2941.1,41074.98046875,106667.79296875
148.7303581237793,1,1706.9,36454.44140625,106667.79296875
149.7453646659851,1,2911.2,18720.92578125,106667.79296875
150.76636147499084,1,4774.2,18372.15234375,106667.79296875
151.7863531112671,1,4772.6,18057.96484375,106667.79296875
152.80636429786682,1,3236.0,20431.37109375,106667.79296875
153.8143560886383,1,2743.2,19611.00390625,106667.79296875
154.82435941696167,1,2642.3,10407.46875,106667.79296875
155.84364771842957,1,3170.8,11948.140625,106667.79296875
156.8521113395691,1,2454.2,10501.00390625,106667.79296875
157.8593487739563,1,2327.6,9952.9609375,106667.79296875
158.8657021522522,1,2055.6,3113.5859375,106667.79296875
159.87435293197632,1,3654.6,3698.59765625,106667.79296875
160.91410946846008,1,2979.1,9804.67578125,106667.79296875
161.92244243621826,1,3652.9,10957.796875,106667.79296875
162.93035626411438,1,4177.5,10774.37890625,106667.79296875
163.94542622566223,1,4248.2,13105.7734375,106707.79296875
164.95437836647034,1,459.9,20999.74609375,106707.79296875
165.96959781646729,1,1249.1,21446.8671875,106707.79296875
166.97624492645264,1,100.3,27950.828125,106707.79296875
167.98296308517456,1,104.3,34453.73828125,106707.79296875
168.99052619934082,1,103.2,34282.51953125,106707.79296875
169.9979705810547,1,106.2,34046.46875,106707.79296875
171.00560688972473,1,104.2,33853.37109375,106707.79296875
172.01269793510437,1,387.3,33614.66015625,106707.79296875
173.01953315734863,1,1951.6,33415.6484375,106707.79296875
174.02595829963684,1,1714.8,34076.453125,106707.79296875
175.0333766937256,1,2132.3,35092.859375,106707.79296875
176.05260372161865,1,1070.4,36325.27734375,106707.79296875
177.05932474136353,1,2954.1,40362.44140625,106707.79296875
178.06606221199036,1,1617.1,36550.4453125,106707.79296875
179.07497334480286,1,1571.1,36383.89453125,106707.79296875
180.08261728286743,1,101.2,41219.140625,106707.79296875
181.09136486053467,1,3465.8,44407.28125,106707.79296875
182.11070895195007,1,2584.9,49165.6171875,106731.79296875
183.1193642616272,1,2515.3,40552.671875,106731.79296875
184.138662815094,1,1896.3,38315.01953125,106731.79296875
185.1473560333252,1,2199.1,18878.375,106731.79296875
186.16735577583313,1,4775.4,18512.51171875,106731.79296875
187.18735194206238,1,4775.7,18186.60546875,106731.79296875
188.2069046497345,1,3898.2,20295.30078125,106731.79296875
189.2153525352478,1,2166.0,19652.36328125,106731.79296875
190.23035621643066,1,2630.5,10523.796875,106731.79296875
191.2493541240692,1,3665.4,10295.33203125,106731.79296875
192.25650024414062,1,2888.1,10289.3046875,106731.79296875
193.26448225975037,1,2163.9,10028.2734375,106731.79296875
194.27426314353943,1,1949.6,2743.1875,106731.79296875
195.28135442733765,1,3175.7,3774.03125,106731.79296875
196.32536220550537,1,3100.6,9298.0,106731.79296875
197.34390139579773,1,3866.9,10404.1640625,106731.79296875
198.352356672287,1,4052.3,11566.21484375,106731.79296875
199.3677499294281,1,4238.8,12889.70703125,106779.79296875
200.3773651123047,1,290.3,20990.12109375,106779.79296875
201.39130282402039,1,1455.5,21839.1484375,106779.79296875
202.39923906326294,1,101.2,28454.97265625,106779.79296875
203.40592432022095,1,104.3,34909.31640625,106779.79296875
204.4134452342987,1,105.2,34720.86328125,106779.79296875
205.42038369178772,1,105.3,34475.33984375,106779.79296875
206.42738127708435,1,105.3,34122.03125,106779.79296875
207.43496966362,1,411.9,33783.703125,106779.79296875
208.4410319328308,1,1926.0,33646.28515625,106779.79296875
209.44862389564514,1,1726.9,34250.53125,106779.79296875
210.45626020431519,1,2286.3,35176.4296875,106779.79296875
211.46464610099792,1,888.6,36354.96875,106779.79296875
212.47256875038147,1,2969.5,40461.0546875,106779.79296875
213.48135495185852,1,1616.0,36117.43359375,106779.79296875
214.49761152267456,1,1482.7,36538.32421875,106779.79296875
215.50414562225342,1,102.3,41262.16015625,106779.79296875
216.51236963272095,1,3384.4,44483.99609375,106779.79296875
217.53173828125,1,2497.5,49051.25390625,106779.79296875
218.54036355018616,1,2576.9,40298.71484375,106779.79296875
219.55491423606873,1,1828.3,38392.02734375,106779.79296875
220.56335377693176,1,2243.3,18680.8515625,106779.79296875
221.58335399627686,1,4775.5,18386.75,106779.79296875
222.60335302352905,1,4778.5,18090.9921875,106779.79296875
223.62305164337158,1,4494.6,20307.6484375,106779.79296875
224.63124203681946,1,1972.9,19810.64453125,106779.79296875
225.6387484073639,1,2270.4,18508.59765625,106779.79296875
226.64550232887268,1,3777.9,10651.4609375,106779.79296875
227.65437698364258,1,2922.9,10388.515625,106779.79296875
228.6747498512268,1,2088.9,9992.00390625,106779.79296875
229.68235230445862,1,2349.1,9363.40234375,106779.79296875
230.69735312461853,1,2499.4,3763.6328125,106779.79296875
231.733736038208,1,3334.5,8386.30859375,106779.79296875
232.74136638641357,1,3717.4,10330.59765625,106779.79296875
233.76235437393188,1,4189.7,11073.6640625,106779.79296875
234.77736711502075,1,4059.6,11670.625,106799.79296875
235.79802942276,1,1199.1,19202.26171875,106819.79296875
236.80593180656433,1,1626.2,20677.921875,106819.79296875
237.81266117095947,1,101.3,27224.57421875,106819.79296875
238.81955909729004,1,102.3,33809.6484375,106819.79296875
239.82661628723145,1,105.3,34769.91015625,106819.79296875
240.83308815956116,1,106.3,34530.90625,106819.79296875
241.83974981307983,1,104.3,34247.62109375,106819.79296875
242.84650707244873,1,103.3,33976.58203125,106819.79296875
243.85290455818176,1,1899.0,33884.25,106819.79296875
244.8616600036621,1,1943.1,33618.3203125,106819.79296875
245.86819767951965,1,1693.6,35514.61328125,106819.79296875
246.8756284713745,1,1596.2,35506.48046875,106819.79296875
247.88336324691772,1,2533.5,38925.375,106819.79296875
248.90254020690918,1,1906.4,37959.30859375,106819.79296875
249.9104266166687,1,1588.5,35755.0546875,106819.79296875
250.91826248168945,1,102.2,40615.33984375,106819.79296875
251.92636394500732,1,2885.0,44477.328125,106819.79296875
252.9454243183136,1,3133.6,48925.4375,106819.79296875
253.95136046409607,1,1940.2,40357.44140625,106819.79296875
254.97054052352905,1,2394.9,37827.15234375,106819.79296875
255.98035430908203,1,1690.6,18845.15234375,106819.79296875
256.99899458885193,1,4773.0,18573.04296875,106819.79296875
258.020343542099,1,4778.2,18221.16796875,106819.79296875
259.039879322052,1,4410.1,20346.7421875,106819.79296875
260.04706263542175,1,2069.1,20080.3828125,106819.79296875
261.0540761947632,1,2332.0,18994.03125,106819.79296875
262.06142377853394,1,3743.0,10712.3671875,106819.79296875
263.0688614845276,1,3002.6,10450.94921875,106819.79296875
264.0827968120575,1,2052.7,10264.40234375,106819.79296875
265.0893802642822,1,2189.7,2978.3203125,107331.80078125
266.0942838191986,1,2768.2,3947.546875,106819.79296875
267.115159034729,1,3133.6,8762.49609375,106819.79296875
268.1243588924408,1,3889.1,10413.78515625,106867.79296875
269.1447551250458,1,4144.1,11210.39453125,106867.79296875
270.15336561203003,1,4116.7,12253.46875,106879.79296875
271.1781849861145,1,664.5,20234.99609375,106899.79296875
272.18610668182373,1,1647.0,21772.71484375,106899.79296875
273.19301319122314,1,99.3,28408.7578125,106899.79296875
274.20079588890076,1,105.2,34844.6796875,106899.79296875
275.20813846588135,1,105.2,34685.94140625,106899.79296875
276.2152874469757,1,105.2,34455.359375,106899.79296875
277.22249269485474,1,104.3,34199.82421875,106899.79296875
278.22922372817993,1,392.4,33880.13671875,106899.79296875
279.2365050315857,1,1948.5,33726.609375,106899.79296875
280.2436168193817,1,1736.7,34330.6484375,106899.79296875
281.25236678123474,1,2203.8,35080.41015625,106899.79296875
282.26331853866577,1,988.1,36289.62890625,106899.79296875
283.27026438713074,1,2953.5,40411.5234375,106899.79296875
284.2780828475952,1,1605.5,36568.94921875,106899.79296875
285.2856786251068,1,1557.2,36474.4296875,106899.79296875
286.29296684265137,1,102.3,41428.7578125,106899.79296875
287.3013653755188,1,3650.5,44473.32421875,106899.79296875
288.32079005241394,1,2464.0,49090.36328125,106923.79296875
289.32936453819275,1,2525.5,40249.46875,106923.79296875
290.3487741947174,1,1922.6,38270.87109375,106923.79296875
291.35736107826233,1,2278.7,18762.31640625,106923.79296875
292.37735295295715,1,4778.5,18370.01171875,106923.79296875
293.3973515033722,1,4776.6,18082.09765625,106923.79296875
294.4169704914093,1,3823.6,20136.92578125,106923.79296875
295.42451906204224,1,2126.3,19518.484375,106923.79296875
296.43135118484497,1,2510.8,10370.12890625,106923.79296875
297.4496023654938,1,3661.2,10244.12109375,106923.79296875
298.4640140533447,1,2832.2,10265.0546875,106923.79296875
299.47050070762634,1,2033.8,9984.3359375,106923.79296875
300.4769814014435,1,2535.3,2796.17578125,107435.80078125
301.48435068130493,1,2769.8,3799.5703125,106923.79296875
302.5033555030823,1,3109.1,8684.64453125,106923.79296875
303.51936173439026,1,3890.5,10345.01171875,106923.79296875
304.53962206840515,1,4129.0,11194.55078125,106923.79296875
305.5483651161194,1,4122.2,12071.73046875,106931.79296875
306.5681869983673,1,736.3,20150.18359375,106959.79296875
307.5758399963379,1,1631.6,22188.9453125,106959.79296875
308.5828423500061,1,101.3,28749.44140625,106959.79296875
309.5895993709564,1,103.3,35277.3984375,106959.79296875
310.59745740890503,1,107.2,35329.78515625,106959.79296875
311.60520935058594,1,107.2,34984.28515625,106959.79296875
312.6125240325928,1,104.2,34677.515625,106959.79296875
313.61897706985474,1,278.2,34290.515625,106959.79296875
314.6261603832245,1,1947.0,33880.58203125,106959.79296875
315.632266998291,1,1764.9,34002.04296875,106959.79296875
316.6413562297821,1,1906.9,35063.96484375,106959.79296875
317.65990233421326,1,1220.3,36164.12890625,106959.79296875
318.666748046875,1,3171.6,40062.34375,106959.79296875
319.67437410354614,1,1532.1,36315.625,106959.79296875
320.6915693283081,1,1703.7,36022.8125,106959.79296875
321.6992027759552,1,104.2,40870.09765625,106959.79296875
322.70735907554626,1,3150.6,44452.203125,106959.79296875
323.7267622947693,1,2899.7,48812.86328125,107003.79296875
324.7343626022339,1,2205.3,40313.4921875,107003.79296875
325.75362062454224,1,2172.1,38141.6796875,107003.79296875
326.7613549232483,1,1987.9,18844.01171875,107003.79296875
327.78135442733765,1,4775.5,18562.6875,107003.79296875
328.8013482093811,1,4778.5,18254.5078125,107003.79296875
329.8212628364563,1,4255.6,20417.79296875,107003.79296875
330.82864260673523,1,2051.2,19646.87890625,107003.79296875
331.8353545665741,1,2429.6,10507.55859375,107003.79296875
332.85350155830383,1,3786.8,10537.54296875,107003.79296875
333.8614909648895,1,3020.3,9994.1484375,107003.79296875
334.86824679374695,1,2146.6,10003.34375,107003.79296875
335.87478709220886,1,2296.0,9401.65625,107003.79296875
336.88534903526306,1,2565.8,3778.63671875,107003.79296875
337.92673778533936,1,3252.1,8674.11328125,107003.79296875
338.93535900115967,1,3866.9,10312.828125,107003.79296875
339.95535016059875,1,4206.3,11054.93359375,107003.79296875
340.96736192703247,1,4063.8,12102.51953125,107011.79296875
341.9924786090851,1,835.0,20072.25390625,107083.79296875
343.0008568763733,1,1653.2,21141.4140625,107083.79296875
344.0082354545593,1,100.3,27674.51953125,107083.79296875
345.0150218009949,1,103.3,34084.1171875,107083.79296875
346.02214670181274,1,103.3,34456.5546875,107083.79296875
347.0292434692383,1,106.2,34247.6171875,107083.79296875
348.03556871414185,1,104.3,33983.37109375,107083.79296875
349.0420653820038,1,102.3,33755.16015625,107083.79296875
350.0493531227112,1,2018.5,33835.328125,107083.79296875
351.06419372558594,1,1916.4,33563.60546875,107083.79296875
352.07264733314514,1,1665.8,35572.58203125,107083.79296875
353.0802707672119,1,1559.1,35705.2578125,107083.79296875
354.08837890625,1,2731.8,38999.14453125,107083.79296875
355.11341977119446,1,1717.1,38371.44140625,107083.79296875
356.12014174461365,1,1614.1,35972.3359375,107083.79296875
357.1282477378845,1,102.2,40899.05078125,107083.79296875
358.1363606452942,1,3115.0,44492.67578125,107083.79296875
359.1555349826813,1,2756.0,49122.9453125,107107.79296875
360.16436100006104,1,2329.5,40432.92578125,107107.79296875
361.1834337711334,1,2095.9,38385.94140625,107107.79296875
362.19135332107544,1,2084.8,19052.7890625,107107.79296875
363.2125849723816,1,4775.5,18695.46484375,107107.79296875
364.2327492237091,1,4775.9,18341.890625,107107.79296875
365.25316286087036,1,4146.0,20504.42578125,107107.79296875
366.25968074798584,1,1922.6,19958.8828125,107107.79296875
367.2665777206421,1,2439.1,10654.63671875,107107.79296875
368.2763547897339,1,3752.2,10602.49609375,107107.79296875
369.2873544692993,1,3008.1,10129.09765625,107107.79296875
370.2924818992615,1,1910.2,10096.51171875,107107.79296875
371.2987196445465,1,2374.9,2795.6171875,107619.80078125
372.30534625053406,1,2669.5,3832.1875,107107.79296875
373.335152387619,1,3173.9,8779.31640625,107107.79296875
374.34436559677124,1,3895.6,10443.734375,107107.79296875
375.367139339447,1,4129.4,11306.375,107107.79296875
376.3753683567047,1,4148.2,12318.12109375,107107.79296875
377.4011447429657,1,609.3,20458.4609375,107107.79296875
378.40830636024475,1,1649.2,22209.56640625,107107.79296875
379.41556549072266,1,101.3,28797.94140625,107107.79296875
380.4234302043915,1,104.2,35174.4921875,107107.79296875
381.4304096698761,1,105.3,34964.66796875,107107.79296875
382.4367265701294,1,105.3,34736.82421875,107107.79296875
383.44376015663147,1,104.3,34490.91015625,107107.79296875
384.45018315315247,1,393.5,34158.56640625,107107.79296875
385.4571123123169,1,1933.6,33847.3046875,107107.79296875
386.4633731842041,1,1672.3,34480.94921875,107107.79296875
387.47125601768494,1,2238.1,35112.36328125,107107.79296875
388.48267436027527,1,919.7,36375.36328125,107107.79296875
389.4885811805725,1,2991.0,40512.4921875,107107.79296875
390.4952042102814,1,1643.2,36542.7265625,107107.79296875
391.5072042942047,1,1685.7,36474.84765625,107107.79296875
392.5149688720703,1,103.2,41366.6328125,107107.79296875
393.52236223220825,1,3540.7,44530.765625,107107.79296875
394.54158568382263,1,2321.3,49398.46875,107107.79296875
395.5503718852997,1,2749.9,40558.43359375,107107.79296875
396.5714147090912,1,1597.4,38783.984375,107107.79296875
397.57934832572937,1,2590.7,18832.671875,107107.79296875
398.6003496646881,1,4778.8,18485.39453125,107107.79296875
399.6203467845917,1,4775.7,18175.265625,107107.79296875
400.63993978500366,1,3538.2,20476.046875,107107.79296875
401.64835238456726,1,2463.6,19676.796875,107107.79296875
402.66648411750793,1,2659.6,10552.2890625,107107.79296875
403.68532729148865,1,3362.3,10626.8203125,107107.79296875
404.69508147239685,1,2703.6,10412.625,107107.79296875
405.7029461860657,1,2185.3,10030.0234375,107107.79296875
406.7094898223877,1,2038.3,3050.3203125,107107.79296875
407.71835684776306,1,3505.1,3711.640625,107107.79296875
408.76082015037537,1,3051.0,9611.67578125,107107.79296875
409.77809739112854,1,3688.6,10891.83203125,107107.79296875
410.785772562027,1,4131.1,10716.51953125,107107.79296875
411.7935917377472,1,4323.0,13008.16015625,107131.79296875
412.80237770080566,1,328.1,21037.375,107131.79296875
413.81715083122253,1,1411.2,22347.75390625,107131.79296875
414.82498478889465,1,103.2,28859.27734375,107131.79296875
415.83372712135315,1,103.1,35180.328125,107131.79296875
416.8404395580292,1,104.3,34929.58203125,107131.79296875
417.84763383865356,1,105.2,34629.66015625,107131.79296875
418.8544318675995,1,104.3,34357.44921875,107131.79296875
419.86135721206665,1,443.9,34039.13671875,107131.79296875
420.8678095340729,1,1874.7,33924.42578125,107131.79296875
421.87459444999695,1,1660.8,34548.9765625,107131.79296875
422.8825273513794,1,2266.9,35251.0,107131.79296875
423.89010643959045,1,896.2,36531.5,107131.79296875
424.8975956439972,1,2950.1,40602.87109375,107131.79296875
425.9063549041748,1,1773.6,36198.0546875,107131.79296875
426.9249939918518,1,1315.3,37039.98828125,107131.79296875
427.93222761154175,1,103.2,41942.7265625,107131.79296875
428.9393606185913,1,4047.5,44536.61328125,107131.79296875
429.95854687690735,1,1826.9,49639.2265625,107131.79296875
430.9653673171997,1,2874.4,40872.00390625,107131.79296875
431.97288179397583,1,1568.2,36763.7734375,107131.79296875
432.9803614616394,1,2655.3,18721.21875,107131.79296875
434.00036001205444,1,4767.0,18382.62109375,107131.79296875
435.0224163532257,1,4777.9,18027.5859375,107131.79296875
436.0410056114197,1,3848.9,20405.7265625,107131.79296875
437.0479919910431,1,2320.0,19771.55078125,107131.79296875
438.0643570423126,1,2670.2,10610.2578125,107131.79296875
439.0828433036804,1,3442.1,10439.609375,107131.79296875
440.09240984916687,1,2784.4,10450.21875,107131.79296875
441.0992588996887,1,2228.0,10158.421875,107131.79296875
442.10631370544434,1,1873.5,3055.23828125,107131.79296875
443.1143546104431,1,3404.9,3914.1484375,107131.79296875
444.15643548965454,1,3083.2,9186.5703125,107131.79296875
445.1643760204315,1,3785.8,10583.6015625,107131.79296875
446.17235708236694,1,4059.1,11693.53515625,107131.79296875
447.18788504600525,1,4240.3,12955.5078125,107187.79296875
448.19637727737427,1,294.5,21049.51171875,107187.79296875
449.20893573760986,1,1449.9,22437.390625,107187.79296875
450.21599102020264,1,102.3,29026.80078125,107187.79296875
451.2230792045593,1,102.3,34651.76171875,107187.79296875
452.2296907901764,1,103.3,34473.0703125,107187.79296875
453.2361283302307,1,104.3,34238.76953125,107187.79296875
454.2434153556824,1,105.2,33970.05078125,107187.79296875
455.2505667209625,1,576.9,33822.48828125,107187.79296875
456.25642943382263,1,1736.6,34009.64453125,107187.79296875
457.26355481147766,1,1652.2,34678.359375,107187.79296875
458.2707190513611,1,2326.5,35547.9921875,107187.79296875
459.2821388244629,1,947.1,36870.578125,107187.79296875
460.2901303768158,1,3054.6,40891.30859375,107187.79296875
461.29736256599426,1,1843.9,36080.3828125,107187.79296875
462.3160593509674,1,1251.5,36872.8046875,107187.79296875
463.3225681781769,1,102.3,41842.84375,107187.79296875
464.3303623199463,1,4047.7,44458.3984375,107187.79296875
465.3494699001312,1,1860.4,49498.7734375,107187.79296875
466.35718297958374,1,2862.8,40615.90625,107187.79296875
467.3653666973114,1,1534.6,36801.50390625,107187.79296875
468.37435960769653,1,2609.5,18786.1796875,107187.79296875
469.3966929912567,1,4774.6,18505.3046875,107187.79296875
470.4163501262665,1,4777.4,18184.96875,107187.79296875
471.43583512306213,1,3751.4,20466.42578125,107187.79296875
472.443354845047,1,2253.3,19774.0859375,107187.79296875
473.45535230636597,1,2647.2,10440.6015625,107187.79296875
474.47373366355896,1,3505.6,10206.46484375,107187.79296875
475.4810516834259,1,2734.6,10365.01953125,107187.79296875
476.4880909919739,1,2421.4,10081.3515625,107187.79296875
477.4948844909668,1,2376.5,2798.78515625,107699.80078125
478.50235056877136,1,2709.0,3831.171875,107187.79296875
479.5258960723877,1,3149.0,8720.52734375,107187.79296875
480.5353653430939,1,3925.5,10390.80078125,107187.79296875
481.55545949935913,1,4072.0,11318.80859375,107187.79296875
482.5633668899536,1,4171.1,12315.12109375,107195.79296875
483.5890464782715,1,681.5,20215.84765625,107195.79296875
484.59687900543213,1,1646.2,21923.625,107195.79296875
485.60339188575745,1,101.3,28403.36328125,107195.79296875
486.61064195632935,1,103.2,34815.390625,107195.79296875
487.61824560165405,1,104.2,34869.93359375,107195.79296875
488.6246953010559,1,105.3,34558.7890625,107195.79296875
489.6320848464966,1,106.2,34239.9453125,107195.79296875
490.63942980766296,1,104.2,33970.578125,107195.79296875
491.64857625961304,1,2079.9,33891.1328125,107195.79296875
492.65708684921265,1,1806.6,34034.56640625,107195.79296875
493.6642646789551,1,1877.6,35189.953125,107195.79296875
494.6871712207794,1,1590.4,35755.99609375,107195.79296875
495.69537568092346,1,2719.7,38951.79296875,107195.79296875
496.72275471687317,1,1776.5,38301.640625,107195.79296875
497.7296931743622,1,1695.2,35971.05078125,107195.79296875
498.7363224029541,1,103.3,40883.23046875,107195.79296875
499.7443618774414,1,3066.7,44583.75,107195.79296875
500.7636113166809,1,2906.0,48963.16015625,107195.79296875
501.7723608016968,1,2165.2,40499.34375,107195.79296875
502.79161405563354,1,2313.3,37965.9375,107195.79296875
503.800354719162,1,1865.0,18820.80859375,107195.79296875
504.82035279273987,1,4774.3,18543.47265625,107195.79296875
505.83931159973145,1,4774.7,18134.37109375,107195.79296875
506.85942244529724,1,4316.2,20317.33984375,107195.79296875
507.86761260032654,1,1964.6,19867.0703125,107195.79296875
508.8754279613495,1,2413.6,10658.5,107195.79296875
509.8814332485199,1,3743.4,10602.921875,107195.79296875
510.88954639434814,1,3008.7,10184.359375,107195.79296875
511.89471769332886,1,1970.8,10197.140625,107195.79296875
512.9023530483246,1,2533.6,9700.625,107195.79296875
513.911349773407,1,2534.1,3966.36328125,107195.79296875
514.9489345550537,1,3334.7,8719.921875,107195.79296875
515.9573669433594,1,3724.3,10474.94921875,107195.79296875
516.9783520698547,1,4201.2,11201.73046875,107195.79296875
517.9933626651764,1,4076.6,11664.80859375,107199.79296875
519.0152509212494,1,1037.2,19511.68359375,107227.79296875
520.0220184326172,1,1647.8,20641.71875,107227.79296875
521.0287535190582,1,100.3,27235.4296875,107227.79296875
522.0344109535217,1,104.4,33710.265625,107227.79296875
523.0421154499054,1,105.2,34475.05078125,107227.79296875
524.0499722957611,1,103.2,34239.96484375,107227.79296875
525.0579795837402,1,104.2,33937.59765625,107227.79296875
526.0643768310547,1,102.3,33711.875,107227.79296875
527.0733683109283,1,1938.6,33829.92578125,107227.79296875
528.0850341320038,1,1911.8,33548.26171875,107227.79296875
529.0922148227692,1,1713.4,35517.8125,107227.79296875
530.100574016571,1,1654.3,35462.9921875,107227.79296875
531.108359336853,1,2513.6,38873.09375,107227.79296875
532.127406835556,1,1983.1,38034.25390625,107227.79296875
533.1340887546539,1,1611.2,35795.58984375,107227.79296875
534.1418077945709,1,102.2,40687.390625,107227.79296875
535.1493649482727,1,2831.7,44699.796875,107227.79296875
536.1686699390411,1,3086.4,48554.30078125,107227.79296875
537.1763596534729,1,2044.4,40426.078125,107227.79296875
538.1974391937256,1,2421.1,37843.19140625,107227.79296875
539.2045156955719,1,1766.3,18868.6015625,107227.79296875
540.2113592624664,1,4732.1,18609.4609375,107227.79296875
541.2313506603241,1,4776.6,18219.10546875,107227.79296875
542.2511162757874,1,4595.2,20313.0703125,107227.79296875
543.2592735290527,1,2007.3,19757.6484375,107227.79296875
544.2723543643951,1,2229.5,18712.77734375,107227.79296875
545.2793202400208,1,3892.9,10744.63671875,107227.79296875
546.2861278057098,1,2786.1,10267.3828125,107227.79296875
547.2963526248932,1,2354.9,10083.05078125,107227.79296875
548.314567565918,1,2170.5,9820.35546875,107227.79296875
549.3243517875671,1,2453.9,3914.12109375,107227.79296875
550.3611576557159,1,3415.3,7149.2421875,107227.79296875
551.3723604679108,1,3666.0,10439.56640625,107227.79296875
552.3803505897522,1,4169.8,11145.46484375,107227.79296875
553.3953592777252,1,4095.2,11599.4765625,107227.79296875
554.4155540466309,1,1216.4,19242.1953125,107251.79296875
555.4223830699921,1,1651.7,20710.40234375,107251.79296875
556.4294235706329,1,99.3,26991.14453125,107251.79296875
557.4370040893555,1,103.2,33449.06640625,107251.79296875
558.4447009563446,1,106.2,34920.10546875,107251.79296875
559.4522817134857,1,106.2,34663.09375,107251.79296875
560.4588479995728,1,104.3,34404.234375,107251.79296875
561.4662547111511,1,104.2,34089.5859375,107251.79296875
562.4733743667603,1,1765.5,34374.37109375,107251.79296875
563.4831802845001,1,1878.4,34076.91015625,107251.79296875
564.4913921356201,1,1834.0,37138.09375,107251.79296875
565.4983716011047,1,1598.8,35060.390625,107251.79296875
566.5063605308533,1,2049.7,38951.63671875,107251.79296875
567.5262694358826,1,2462.0,37488.37109375,107251.79296875
568.5338044166565,1,1601.8,35294.671875,107251.79296875
569.5418338775635,1,102.2,40299.69921875,107251.79296875
570.5503618717194,1,2485.9,44611.046875,107251.79296875
571.5694355964661,1,3360.7,48498.390625,107251.79296875
572.5763604640961,1,1801.6,40437.14453125,107251.79296875
573.5963714122772,1,2530.2,37879.91796875,107251.79296875
574.6093525886536,1,1725.8,18996.59765625,107251.79296875
575.6283519268036,1,4775.3,18662.40234375,107251.79296875
576.6483511924744,1,4771.7,18308.57421875,107251.79296875
577.6679131984711,1,4755.9,20349.07421875,107251.79296875
578.6768543720245,1,2116.8,20092.12109375,107251.79296875
579.6843543052673,1,2028.1,18887.93359375,107251.79296875
580.6933524608612,1,3692.9,10721.359375,107251.79296875
581.70765209198,1,2814.4,11810.19140625,107251.79296875
582.7192296981812,1,2467.4,10072.9609375,107251.79296875
583.7260065078735,1,1993.7,9844.7734375,107251.79296875
584.7323589324951,1,2442.3,3862.6640625,107251.79296875
585.7845230102539,1,3941.3,6282.08984375,107251.79296875
586.7933549880981,1,3099.0,10348.1875,107251.79296875
587.8093526363373,1,4171.4,11156.99609375,107251.79296875
588.8243627548218,1,4108.9,10557.76171875,107251.79296875
589.8445198535919,1,1825.2,18110.87109375,107251.79296875
590.8514873981476,1,1649.5,19582.29296875,107251.79296875
591.8590550422668,1,99.2,26242.29296875,107251.79296875
592.8661167621613,1,101.3,32764.5546875,107251.79296875
593.8728606700897,1,103.3,34275.13671875,107251.79296875
594.880086183548,1,103.3,34056.9609375,107251.79296875
595.8868894577026,1,103.3,33807.46484375,107251.79296875
596.893857717514,1,104.3,33569.1015625,107251.79296875
597.9007794857025,1,1772.8,34100.859375,107251.79296875
598.9073905944824,1,1851.5,33696.45703125,107251.79296875
599.91561627388,1,1973.8,37044.97265625,107251.79296875
600.9225721359253,1,1598.9,35176.7109375,107251.79296875
601.9301874637604,1,2092.1,38998.37109375,107251.79296875
602.9513719081879,1,2500.0,37507.671875,107251.79296875
603.9618172645569,1,1616.1,35263.34765625,107251.79296875
604.9692854881287,1,103.2,40221.55078125,107251.79296875
605.9763615131378,1,2466.9,44553.62890625,107251.79296875
606.9984240531921,1,3359.6,48479.61328125,107251.79296875
608.0063607692719,1,1810.7,40544.48046875,107251.79296875
609.0263891220093,1,2493.4,37858.2578125,107251.79296875
610.0515279769897,1,1715.5,18812.015625,107251.79296875
611.0573644638062,1,4675.4,18611.875,107251.79296875
612.0773556232452,1,4774.7,18271.37109375,107251.79296875
613.0969800949097,1,4753.5,20254.40234375,107251.79296875
614.1076974868774,1,2441.9,20200.01953125,107251.79296875
615.1222717761993,1,2059.0,19180.96484375,107251.79296875
616.1285715103149,1,3758.9,10902.734375,107251.79296875
617.1368246078491,1,2813.5,12172.6484375,107251.79296875
618.1458904743195,1,2428.6,10434.9140625,107251.79296875
619.1523513793945,1,1775.5,9971.203125,107251.79296875
620.1603579521179,1,2394.6,4080.58203125,107251.79296875
621.2013113498688,1,3618.4,6851.15625,107251.79296875
622.2093534469604,1,3420.1,10604.6015625,107251.79296875
623.2281765937805,1,4183.3,11247.56640625,107251.79296875
624.2433590888977,1,4079.8,11177.5546875,107255.79296875
625.2656714916229,1,1470.1,18739.80078125,107303.79296875
626.274069070816,1,1637.2,21459.5625,107303.79296875
627.2814466953278,1,101.3,27997.90625,107303.79296875
628.2882001399994,1,103.3,34467.34375,107303.79296875
629.296647310257,1,106.1,35516.73046875,107303.79296875
630.3034963607788,1,105.3,35209.984375,107303.79296875
631.3104825019836,1,106.3,34873.921875,107303.79296875
632.3183023929596,1,105.2,34477.734375,107303.79296875
633.3257150650024,1,1798.6,34866.2265625,107303.79296875
634.3348338603973,1,1923.8,33950.4765625,107303.79296875
635.3401465415955,1,1735.5,37347.6171875,107303.79296875
636.3482329845428,1,1601.0,35263.88671875,107303.79296875
637.3563632965088,1,2345.2,38922.328125,107303.79296875
638.3755900859833,1,2146.6,37652.3125,107303.79296875
639.3830122947693,1,1903.8,35021.984375,107303.79296875
640.3904232978821,1,103.3,39649.01953125,107303.79296875
641.3973596096039,1,1942.3,44463.30859375,107303.79296875
642.4166400432587,1,4078.3,47898.01171875,107303.79296875
643.4242675304413,1,1030.2,40567.328125,107303.79296875
644.445369720459,1,2398.3,37958.93359375,107303.79296875
645.4695198535919,1,2499.6,36093.60546875,107303.79296875
646.4783601760864,1,3828.5,18673.75,107303.79296875
647.4983522891998,1,4775.8,18347.69921875,107303.79296875
648.5214266777039,1,4770.8,18047.19140625,107303.79296875
649.5412726402283,1,3078.4,20200.08984375,107303.79296875
650.5487375259399,1,1797.9,19409.19140625,107303.79296875
651.555367231369,1,3818.4,11000.7265625,107303.79296875
652.5780186653137,1,2832.5,12108.2421875,107303.79296875
653.5933651924133,1,2320.7,10981.390625,107303.79296875
654.6122136116028,1,1995.6,10158.08984375,107303.79296875
655.6283519268036,1,2130.5,3932.77734375,107303.79296875
656.6707940101624,1,3978.9,6327.83203125,107303.79296875
657.6783549785614,1,3077.0,10413.4296875,107303.79296875
658.6943526268005,1,4193.1,11113.68359375,107303.79296875
659.7124283313751,1,4106.4,10731.2578125,107303.79296875
660.7313747406006,1,1680.1,18170.60546875,107303.79296875
661.7384057044983,1,1645.4,20494.48828125,107303.79296875
662.7454681396484,1,100.3,27076.19140625,107303.79296875
663.7532000541687,1,103.2,33598.5859375,107303.79296875
664.7608766555786,1,103.2,34956.046875,107303.79296875
665.7682209014893,1,104.2,34710.4453125,107303.79296875
666.7756888866425,1,106.2,34466.2578125,107303.79296875
667.7822637557983,1,103.3,34190.7421875,107303.79296875
668.7890477180481,1,1782.8,34558.125,107303.79296875
669.797027349472,1,1933.0,33746.55078125,107303.79296875
670.8022861480713,1,1855.9,37131.81640625,107303.79296875
671.8094487190247,1,1606.6,35001.2734375,107303.79296875
672.8163599967957,1,2175.0,38831.765625,107303.79296875
673.8355417251587,1,2435.1,37475.79296875,107303.79296875
674.8432309627533,1,1667.2,35175.24609375,107303.79296875
675.8520619869232,1,103.1,40151.296875,107303.79296875
676.8603627681732,1,2472.7,44510.73046875,107303.79296875
677.8796029090881,1,3484.8,48154.9609375,107327.79296875
678.8883657455444,1,1530.6,40303.75,107327.79296875
679.9083614349365,1,2465.7,37754.36328125,107327.79296875
680.9275090694427,1,1905.5,18595.484375,107327.79296875
681.9373602867126,1,4616.9,18445.86328125,107327.79296875
682.9573526382446,1,4774.7,18131.859375,107327.79296875
683.9770753383636,1,4600.6,20214.09765625,107327.79296875
684.9850420951843,1,2088.4,20012.984375,107327.79296875
685.9931926727295,1,2267.9,18958.69921875,107327.79296875
687.0003538131714,1,3722.2,10872.19140625,107327.79296875
688.0149836540222,1,2817.8,12108.765625,107327.79296875
689.0253548622131,1,2330.9,10175.49609375,107327.79296875
690.0400586128235,1,2087.3,9997.8515625,107327.79296875
691.0493531227112,1,3057.6,5968.890625,107609.79296875
692.0641717910767,1,2882.3,5881.9140625,107609.79296875
693.0719640254974,1,3180.1,5420.1015625,107609.79296875
694.0813536643982,1,3145.5,5480.1875,107609.79296875
695.0913715362549,1,2485.8,5308.2890625,107609.79296875
696.109938621521,1,3416.6,5599.421875,107609.79296875
697.117360830307,1,2954.2,4964.50390625,107609.79296875
698.1363270282745,1,3003.8,4918.71484375,107609.79296875
699.1464686393738,1,2609.6,3227.5703125,107609.79296875
700.1553564071655,1,3923.5,4753.734375,107609.79296875
701.1739645004272,1,1996.9,4969.18359375,107609.79296875
702.1943554878235,1,3399.6,4863.578125,107609.79296875
703.2129309177399,1,3151.1,2138.1484375,109657.87109375
704.2213525772095,1,3282.8,5474.22265625,107609.796875
705.2386062145233,1,2254.8,5789.0625,107609.796875
706.2522113323212,1,3300.5,5222.421875,107609.796875
707.258232831955,1,3120.2,4975.8125,107609.796875
708.2673537731171,1,3145.4,4387.046875,107609.796875
709.2818024158478,1,2059.3,4791.63671875,107609.796875
710.2903525829315,1,3245.2,3932.56640625,107609.796875
711.3053555488586,1,2963.6,2397.51171875,107615.796875
712.3172919750214,1,4174.7,5049.51953125,107615.796875
713.3443410396576,1,1959.2,5262.82421875,107615.796875
714.3503813743591,1,3606.6,6678.171875,107615.796875
715.3582925796509,1,2318.9,6411.4765625,107615.796875
716.3670785427094,1,2947.2,6066.26171875,107615.796875
717.3753576278687,1,3666.5,5079.03125,107615.796875
718.3947958946228,1,3138.1,5506.90625,107615.796875
719.4023666381836,1,3341.3,4872.58984375,107615.796875
720.4233596324921,1,2149.1,5388.22265625,107615.796875
721.4363524913788,1,2758.3,4819.01953125,107615.796875
722.4516174793243,1,3672.0,4106.41796875,107615.796875
723.4601693153381,1,3089.1,3946.59765625,107615.796875
724.4703285694122,1,2992.0,3690.35546875,107615.796875
725.484354019165,1,3154.8,3081.83984375,107615.796875
726.4909403324127,1,3455.3,2796.8203125,107615.796875
